0-0001|C:\Users\LENOVO_User\kabooks\Avel Folk\del001.wav|11776|243002
1-0001|C:\Users\LENOVO_User\kabooks\Avel Folk\del002.wav|12032|266042
1-0002|C:\Users\LENOVO_User\kabooks\Avel Folk\del002.wav|278528|457530
2-0001|C:\Users\LENOVO_User\kabooks\Avel Folk\del003.wav|13824|334650
2-0002|C:\Users\LENOVO_User\kabooks\Avel Folk\del003.wav|361728|493882
2-0003|C:\Users\LENOVO_User\kabooks\Avel Folk\del003.wav|521216|716090
2-0004|C:\Users\LENOVO_User\kabooks\Avel Folk\del003.wav|744704|1023802
2-0005|C:\Users\LENOVO_User\kabooks\Avel Folk\del003.wav|1043968|1298490
2-0006|C:\Users\LENOVO_User\kabooks\Avel Folk\del003.wav|1341696|1517114
2-0007|C:\Users\LENOVO_User\kabooks\Avel Folk\del003.wav|1538048|1702202
2-0008|C:\Users\LENOVO_User\kabooks\Avel Folk\del003.wav|1733632|1924410
2-0009|C:\Users\LENOVO_User\kabooks\Avel Folk\del003.wav|1942272|2212154
2-0010|C:\Users\LENOVO_User\kabooks\Avel Folk\del003.wav|2245376|2551866
3-0001|C:\Users\LENOVO_User\kabooks\Avel Folk\del004.wav|6656|87610
3-0002|C:\Users\LENOVO_User\kabooks\Avel Folk\del004.wav|136192|391226
3-0003|C:\Users\LENOVO_User\kabooks\Avel Folk\del004.wav|406528|636986
3-0004|C:\Users\LENOVO_User\kabooks\Avel Folk\del004.wav|646912|960314
3-0005|C:\Users\LENOVO_User\kabooks\Avel Folk\del004.wav|985088|1253946
3-0006|C:\Users\LENOVO_User\kabooks\Avel Folk\del004.wav|1310720|1615418
3-0007|C:\Users\LENOVO_User\kabooks\Avel Folk\del004.wav|1635840|1944122
3-0008|C:\Users\LENOVO_User\kabooks\Avel Folk\del004.wav|1968384|2035258
3-0009|C:\Users\LENOVO_User\kabooks\Avel Folk\del004.wav|2058240|2348858
3-0010|C:\Users\LENOVO_User\kabooks\Avel Folk\del004.wav|2366208|2658874
3-0011|C:\Users\LENOVO_User\kabooks\Avel Folk\del004.wav|2685696|2990906
3-0012|C:\Users\LENOVO_User\kabooks\Avel Folk\del004.wav|3018496|3207738
3-0013|C:\Users\LENOVO_User\kabooks\Avel Folk\del004.wav|3230208|3354170
3-0014|C:\Users\LENOVO_User\kabooks\Avel Folk\del004.wav|3377920|3649594
3-0015|C:\Users\LENOVO_User\kabooks\Avel Folk\del004.wav|3676672|3937338
3-0016|C:\Users\LENOVO_User\kabooks\Avel Folk\del004.wav|3958784|4236858
3-0017|C:\Users\LENOVO_User\kabooks\Avel Folk\del004.wav|4266496|4493626
3-0018|C:\Users\LENOVO_User\kabooks\Avel Folk\del004.wav|4515584|4606010
3-0019|C:\Users\LENOVO_User\kabooks\Avel Folk\del004.wav|4629504|4963386
3-0020|C:\Users\LENOVO_User\kabooks\Avel Folk\del004.wav|4996096|5077818
3-0021|C:\Users\LENOVO_User\kabooks\Avel Folk\del004.wav|5094912|5429050
3-0022|C:\Users\LENOVO_User\kabooks\Avel Folk\del004.wav|5447168|5583674
3-0023|C:\Users\LENOVO_User\kabooks\Avel Folk\del004.wav|5609472|5864250
3-0024|C:\Users\LENOVO_User\kabooks\Avel Folk\del004.wav|5889280|6106682
3-0025|C:\Users\LENOVO_User\kabooks\Avel Folk\del004.wav|6129920|6306106
3-0026|C:\Users\LENOVO_User\kabooks\Avel Folk\del004.wav|6327552|6626618
3-0027|C:\Users\LENOVO_User\kabooks\Avel Folk\del004.wav|6633472|6872378
3-0028|C:\Users\LENOVO_User\kabooks\Avel Folk\del004.wav|6882304|7067706
3-0029|C:\Users\LENOVO_User\kabooks\Avel Folk\del004.wav|7087104|7349306
3-0030|C:\Users\LENOVO_User\kabooks\Avel Folk\del004.wav|7376640|7491642
3-0031|C:\Users\LENOVO_User\kabooks\Avel Folk\del004.wav|7517696|7717946
3-0032|C:\Users\LENOVO_User\kabooks\Avel Folk\del004.wav|7744512|7994682
3-0033|C:\Users\LENOVO_User\kabooks\Avel Folk\del004.wav|8017664|8326714
3-0034|C:\Users\LENOVO_User\kabooks\Avel Folk\del004.wav|8359424|8449338
3-0035|C:\Users\LENOVO_User\kabooks\Avel Folk\del004.wav|8476416|8806714
3-0036|C:\Users\LENOVO_User\kabooks\Avel Folk\del004.wav|8832000|9132346
3-0037|C:\Users\LENOVO_User\kabooks\Avel Folk\del004.wav|9143808|9426490
3-0038|C:\Users\LENOVO_User\kabooks\Avel Folk\del004.wav|9447936|9683258
3-0039|C:\Users\LENOVO_User\kabooks\Avel Folk\del004.wav|9698048|9835066
3-0040|C:\Users\LENOVO_User\kabooks\Avel Folk\del004.wav|9862656|10197562
3-0041|C:\Users\LENOVO_User\kabooks\Avel Folk\del004.wav|10212352|10503994
3-0042|C:\Users\LENOVO_User\kabooks\Avel Folk\del004.wav|10528512|10803258
3-0043|C:\Users\LENOVO_User\kabooks\Avel Folk\del004.wav|10821376|11111482
3-0044|C:\Users\LENOVO_User\kabooks\Avel Folk\del004.wav|11143680|11422266
3-0045|C:\Users\LENOVO_User\kabooks\Avel Folk\del004.wav|11444224|11614266
3-0046|C:\Users\LENOVO_User\kabooks\Avel Folk\del004.wav|11629568|11891514
3-0047|C:\Users\LENOVO_User\kabooks\Avel Folk\del004.wav|11922176|12150586
3-0048|C:\Users\LENOVO_User\kabooks\Avel Folk\del004.wav|12182016|12390970
3-0049|C:\Users\LENOVO_User\kabooks\Avel Folk\del004.wav|12420096|12576314
3-0050|C:\Users\LENOVO_User\kabooks\Avel Folk\del004.wav|12605952|12791098
3-0051|C:\Users\LENOVO_User\kabooks\Avel Folk\del004.wav|12811264|13102138
3-0052|C:\Users\LENOVO_User\kabooks\Avel Folk\del004.wav|13106432|13181242
3-0053|C:\Users\LENOVO_User\kabooks\Avel Folk\del004.wav|13214976|13531194
3-0054|C:\Users\LENOVO_User\kabooks\Avel Folk\del004.wav|13547520|13665850
3-0055|C:\Users\LENOVO_User\kabooks\Avel Folk\del004.wav|13689600|13934394
3-0056|C:\Users\LENOVO_User\kabooks\Avel Folk\del004.wav|13953280|14126138
3-0057|C:\Users\LENOVO_User\kabooks\Avel Folk\del004.wav|14151424|14302522
3-0058|C:\Users\LENOVO_User\kabooks\Avel Folk\del004.wav|14333696|14606906
3-0059|C:\Users\LENOVO_User\kabooks\Avel Folk\del004.wav|14640896|14861114
3-0060|C:\Users\LENOVO_User\kabooks\Avel Folk\del004.wav|14900224|15007546
3-0061|C:\Users\LENOVO_User\kabooks\Avel Folk\del004.wav|15029504|15256634
3-0062|C:\Users\LENOVO_User\kabooks\Avel Folk\del004.wav|15286016|15416890
3-0063|C:\Users\LENOVO_User\kabooks\Avel Folk\del004.wav|15432704|15700282
3-0064|C:\Users\LENOVO_User\kabooks\Avel Folk\del004.wav|15721728|15848506
3-0065|C:\Users\LENOVO_User\kabooks\Avel Folk\del004.wav|15871488|16154938
3-0066|C:\Users\LENOVO_User\kabooks\Avel Folk\del004.wav|16185344|16349498
3-0067|C:\Users\LENOVO_User\kabooks\Avel Folk\del004.wav|16365824|16610618
3-0068|C:\Users\LENOVO_User\kabooks\Avel Folk\del004.wav|16636160|16912954
3-0069|C:\Users\LENOVO_User\kabooks\Avel Folk\del004.wav|16935424|17228346
3-0070|C:\Users\LENOVO_User\kabooks\Avel Folk\del004.wav|17254144|17289530
3-0071|C:\Users\LENOVO_User\kabooks\Avel Folk\del004.wav|17320448|17643322
3-0072|C:\Users\LENOVO_User\kabooks\Avel Folk\del004.wav|17676544|17897786
3-0073|C:\Users\LENOVO_User\kabooks\Avel Folk\del004.wav|17935104|18251066
3-0074|C:\Users\LENOVO_User\kabooks\Avel Folk\del004.wav|18290688|18455610
3-0075|C:\Users\LENOVO_User\kabooks\Avel Folk\del004.wav|18472192|18735418
3-0076|C:\Users\LENOVO_User\kabooks\Avel Folk\del004.wav|18755072|18968378
3-0077|C:\Users\LENOVO_User\kabooks\Avel Folk\del004.wav|18992384|19173434
3-0078|C:\Users\LENOVO_User\kabooks\Avel Folk\del004.wav|19197696|19452986
3-0079|C:\Users\LENOVO_User\kabooks\Avel Folk\del004.wav|19474944|19664954
3-0080|C:\Users\LENOVO_User\kabooks\Avel Folk\del004.wav|19719680|19978042
3-0081|C:\Users\LENOVO_User\kabooks\Avel Folk\del004.wav|19999488|20217658
3-0082|C:\Users\LENOVO_User\kabooks\Avel Folk\del004.wav|20239104|20519482
3-0083|C:\Users\LENOVO_User\kabooks\Avel Folk\del004.wav|20549632|20731450
3-0084|C:\Users\LENOVO_User\kabooks\Avel Folk\del004.wav|20750336|21044282
3-0085|C:\Users\LENOVO_User\kabooks\Avel Folk\del004.wav|21063424|21289530
3-0086|C:\Users\LENOVO_User\kabooks\Avel Folk\del004.wav|21307392|21439290
3-0087|C:\Users\LENOVO_User\kabooks\Avel Folk\del004.wav|21455360|21707578
3-0088|C:\Users\LENOVO_User\kabooks\Avel Folk\del004.wav|21734400|22060090
3-0089|C:\Users\LENOVO_User\kabooks\Avel Folk\del004.wav|22076928|22368570
3-0090|C:\Users\LENOVO_User\kabooks\Avel Folk\del004.wav|22405888|22729786
3-0091|C:\Users\LENOVO_User\kabooks\Avel Folk\del004.wav|22749440|22993466
3-0092|C:\Users\LENOVO_User\kabooks\Avel Folk\del004.wav|23026176|23136058
3-0093|C:\Users\LENOVO_User\kabooks\Avel Folk\del004.wav|23167232|23495994
3-0094|C:\Users\LENOVO_User\kabooks\Avel Folk\del004.wav|23523584|23719994
3-0095|C:\Users\LENOVO_User\kabooks\Avel Folk\del004.wav|23746560|23892026
3-0096|C:\Users\LENOVO_User\kabooks\Avel Folk\del004.wav|23917568|24229946
3-0097|C:\Users\LENOVO_User\kabooks\Avel Folk\del004.wav|24264448|24479546
3-0098|C:\Users\LENOVO_User\kabooks\Avel Folk\del004.wav|24502784|24692538
3-0099|C:\Users\LENOVO_User\kabooks\Avel Folk\del004.wav|24719104|25051706
3-0100|C:\Users\LENOVO_User\kabooks\Avel Folk\del004.wav|25064448|25247546
3-0101|C:\Users\LENOVO_User\kabooks\Avel Folk\del004.wav|25260544|25509178
3-0102|C:\Users\LENOVO_User\kabooks\Avel Folk\del004.wav|25531392|25758522
3-0103|C:\Users\LENOVO_User\kabooks\Avel Folk\del004.wav|25781504|26050362
3-0104|C:\Users\LENOVO_User\kabooks\Avel Folk\del004.wav|26076416|26142266
3-0105|C:\Users\LENOVO_User\kabooks\Avel Folk\del004.wav|26163968|26434362
3-0106|C:\Users\LENOVO_User\kabooks\Avel Folk\del004.wav|26448896|26740794
3-0107|C:\Users\LENOVO_User\kabooks\Avel Folk\del004.wav|26768384|27048250
3-0108|C:\Users\LENOVO_User\kabooks\Avel Folk\del004.wav|27058688|27294778
3-0109|C:\Users\LENOVO_User\kabooks\Avel Folk\del004.wav|27323904|27463994
3-0110|C:\Users\LENOVO_User\kabooks\Avel Folk\del004.wav|27485440|27771962
3-0111|C:\Users\LENOVO_User\kabooks\Avel Folk\del004.wav|27789056|28061242
3-0112|C:\Users\LENOVO_User\kabooks\Avel Folk\del004.wav|28082432|28223290
3-0113|C:\Users\LENOVO_User\kabooks\Avel Folk\del004.wav|28252928|28484154
3-0114|C:\Users\LENOVO_User\kabooks\Avel Folk\del004.wav|28504064|28833850
3-0115|C:\Users\LENOVO_User\kabooks\Avel Folk\del004.wav|28858112|28907322
3-0116|C:\Users\LENOVO_User\kabooks\Avel Folk\del004.wav|28926720|29212730
3-0117|C:\Users\LENOVO_User\kabooks\Avel Folk\del004.wav|29236736|29476922
3-0118|C:\Users\LENOVO_User\kabooks\Avel Folk\del004.wav|29510656|29802810
3-0119|C:\Users\LENOVO_User\kabooks\Avel Folk\del004.wav|29828352|30016826
3-0120|C:\Users\LENOVO_User\kabooks\Avel Folk\del004.wav|30043392|30179386
3-0121|C:\Users\LENOVO_User\kabooks\Avel Folk\del004.wav|30220544|30405946
4-0001|C:\Users\LENOVO_User\kabooks\Avel Folk\del005.wav|10752|28474
4-0002|C:\Users\LENOVO_User\kabooks\Avel Folk\del005.wav|67072|377402
4-0003|C:\Users\LENOVO_User\kabooks\Avel Folk\del005.wav|397568|679482
4-0004|C:\Users\LENOVO_User\kabooks\Avel Folk\del005.wav|695040|954682
4-0005|C:\Users\LENOVO_User\kabooks\Avel Folk\del005.wav|976896|1298490
4-0006|C:\Users\LENOVO_User\kabooks\Avel Folk\del005.wav|1352448|1495866
4-0007|C:\Users\LENOVO_User\kabooks\Avel Folk\del005.wav|1518080|1715258
4-0008|C:\Users\LENOVO_User\kabooks\Avel Folk\del005.wav|1739264|1890362
4-0009|C:\Users\LENOVO_User\kabooks\Avel Folk\del005.wav|1926144|2131514
4-0010|C:\Users\LENOVO_User\kabooks\Avel Folk\del005.wav|2160128|2444346
4-0011|C:\Users\LENOVO_User\kabooks\Avel Folk\del005.wav|2482432|2748730
4-0012|C:\Users\LENOVO_User\kabooks\Avel Folk\del005.wav|2782208|3116090
4-0013|C:\Users\LENOVO_User\kabooks\Avel Folk\del005.wav|3141888|3246906
4-0014|C:\Users\LENOVO_User\kabooks\Avel Folk\del005.wav|3266048|3572282
4-0015|C:\Users\LENOVO_User\kabooks\Avel Folk\del005.wav|3592704|3760442
4-0016|C:\Users\LENOVO_User\kabooks\Avel Folk\del005.wav|3781632|4011322
4-0017|C:\Users\LENOVO_User\kabooks\Avel Folk\del005.wav|4028672|4290618
4-0018|C:\Users\LENOVO_User\kabooks\Avel Folk\del005.wav|4316416|4448826
4-0019|C:\Users\LENOVO_User\kabooks\Avel Folk\del005.wav|4470784|4799546
4-0020|C:\Users\LENOVO_User\kabooks\Avel Folk\del005.wav|4822528|5040698
4-0021|C:\Users\LENOVO_User\kabooks\Avel Folk\del005.wav|5066752|5264186
4-0022|C:\Users\LENOVO_User\kabooks\Avel Folk\del005.wav|5296128|5565498
4-0023|C:\Users\LENOVO_User\kabooks\Avel Folk\del005.wav|5588224|5788730
4-0024|C:\Users\LENOVO_User\kabooks\Avel Folk\del005.wav|5812992|6147898
4-0025|C:\Users\LENOVO_User\kabooks\Avel Folk\del005.wav|6171904|6462010
4-0026|C:\Users\LENOVO_User\kabooks\Avel Folk\del005.wav|6485760|6714170
4-0027|C:\Users\LENOVO_User\kabooks\Avel Folk\del005.wav|6742528|7010106
4-0028|C:\Users\LENOVO_User\kabooks\Avel Folk\del005.wav|7042816|7318330
4-0029|C:\Users\LENOVO_User\kabooks\Avel Folk\del005.wav|7335680|7622202
4-0030|C:\Users\LENOVO_User\kabooks\Avel Folk\del005.wav|7646464|7795514
4-0031|C:\Users\LENOVO_User\kabooks\Avel Folk\del005.wav|7822336|8153658
4-0032|C:\Users\LENOVO_User\kabooks\Avel Folk\del005.wav|8179456|8475706
4-0033|C:\Users\LENOVO_User\kabooks\Avel Folk\del005.wav|8498432|8763194
4-0034|C:\Users\LENOVO_User\kabooks\Avel Folk\del005.wav|8788480|9042746
4-0035|C:\Users\LENOVO_User\kabooks\Avel Folk\del005.wav|9070592|9376570
4-0036|C:\Users\LENOVO_User\kabooks\Avel Folk\del005.wav|9404672|9739322
4-0037|C:\Users\LENOVO_User\kabooks\Avel Folk\del005.wav|9769984|9964858
4-0038|C:\Users\LENOVO_User\kabooks\Avel Folk\del005.wav|9975552|10286650
4-0039|C:\Users\LENOVO_User\kabooks\Avel Folk\del005.wav|10313472|10563130
4-0040|C:\Users\LENOVO_User\kabooks\Avel Folk\del005.wav|10576128|10894138
4-0041|C:\Users\LENOVO_User\kabooks\Avel Folk\del005.wav|10902016|11151930
4-0042|C:\Users\LENOVO_User\kabooks\Avel Folk\del005.wav|11165952|11452986
4-0043|C:\Users\LENOVO_User\kabooks\Avel Folk\del005.wav|11487232|11692858
4-0044|C:\Users\LENOVO_User\kabooks\Avel Folk\del005.wav|11720448|11953722
4-0045|C:\Users\LENOVO_User\kabooks\Avel Folk\del005.wav|11976448|12124474
4-0046|C:\Users\LENOVO_User\kabooks\Avel Folk\del005.wav|12149760|12346170
4-0047|C:\Users\LENOVO_User\kabooks\Avel Folk\del005.wav|12375808|12523322
4-0048|C:\Users\LENOVO_User\kabooks\Avel Folk\del005.wav|12549632|12869434
4-0049|C:\Users\LENOVO_User\kabooks\Avel Folk\del005.wav|12895744|13002042
4-0050|C:\Users\LENOVO_User\kabooks\Avel Folk\del005.wav|13046016|13290810
4-0051|C:\Users\LENOVO_User\kabooks\Avel Folk\del005.wav|13328640|13530938
4-0052|C:\Users\LENOVO_User\kabooks\Avel Folk\del005.wav|13550848|13680698
4-0053|C:\Users\LENOVO_User\kabooks\Avel Folk\del005.wav|13709824|13909306
4-0054|C:\Users\LENOVO_User\kabooks\Avel Folk\del005.wav|13941760|14049338
4-0055|C:\Users\LENOVO_User\kabooks\Avel Folk\del005.wav|14078464|14323514
4-0056|C:\Users\LENOVO_User\kabooks\Avel Folk\del005.wav|14354688|14631226
4-0057|C:\Users\LENOVO_User\kabooks\Avel Folk\del005.wav|14648576|14946362
4-0058|C:\Users\LENOVO_User\kabooks\Avel Folk\del005.wav|14967040|15250490
4-0059|C:\Users\LENOVO_User\kabooks\Avel Folk\del005.wav|15270912|15483450
4-0060|C:\Users\LENOVO_User\kabooks\Avel Folk\del005.wav|15512064|15748154
4-0061|C:\Users\LENOVO_User\kabooks\Avel Folk\del005.wav|15770624|15963450
4-0062|C:\Users\LENOVO_User\kabooks\Avel Folk\del005.wav|15992320|16209210
4-0063|C:\Users\LENOVO_User\kabooks\Avel Folk\del005.wav|16226048|16455994
4-0064|C:\Users\LENOVO_User\kabooks\Avel Folk\del005.wav|16472576|16595514
4-0065|C:\Users\LENOVO_User\kabooks\Avel Folk\del005.wav|16622080|16943418
4-0066|C:\Users\LENOVO_User\kabooks\Avel Folk\del005.wav|16972288|17159482
4-0067|C:\Users\LENOVO_User\kabooks\Avel Folk\del005.wav|17181184|17483066
4-0068|C:\Users\LENOVO_User\kabooks\Avel Folk\del005.wav|17506048|17685818
4-0069|C:\Users\LENOVO_User\kabooks\Avel Folk\del005.wav|17712896|18023482
4-0070|C:\Users\LENOVO_User\kabooks\Avel Folk\del005.wav|18048256|18158394
5-0001|C:\Users\LENOVO_User\kabooks\Avel Folk\del006.wav|11520|213306
5-0002|C:\Users\LENOVO_User\kabooks\Avel Folk\del006.wav|246528|527162
5-0003|C:\Users\LENOVO_User\kabooks\Avel Folk\del006.wav|544000|814394
5-0004|C:\Users\LENOVO_User\kabooks\Avel Folk\del006.wav|831232|1051962
5-0005|C:\Users\LENOVO_User\kabooks\Avel Folk\del006.wav|1075968|1352762
5-0006|C:\Users\LENOVO_User\kabooks\Avel Folk\del006.wav|1394688|1643066
5-0007|C:\Users\LENOVO_User\kabooks\Avel Folk\del006.wav|1666816|1864762
5-0008|C:\Users\LENOVO_User\kabooks\Avel Folk\del006.wav|1882880|2169402
5-0009|C:\Users\LENOVO_User\kabooks\Avel Folk\del006.wav|2200576|2385210
5-0010|C:\Users\LENOVO_User\kabooks\Avel Folk\del006.wav|2413056|2663482
5-0011|C:\Users\LENOVO_User\kabooks\Avel Folk\del006.wav|2676736|2931514
5-0012|C:\Users\LENOVO_User\kabooks\Avel Folk\del006.wav|2956288|3209530
5-0013|C:\Users\LENOVO_User\kabooks\Avel Folk\del006.wav|3229696|3392058
5-0014|C:\Users\LENOVO_User\kabooks\Avel Folk\del006.wav|3414784|3684666
5-0015|C:\Users\LENOVO_User\kabooks\Avel Folk\del006.wav|3712256|4045114
5-0016|C:\Users\LENOVO_User\kabooks\Avel Folk\del006.wav|4072960|4131898
5-0017|C:\Users\LENOVO_User\kabooks\Avel Folk\del006.wav|4148480|4430138
5-0018|C:\Users\LENOVO_User\kabooks\Avel Folk\del006.wav|4457216|4661050
5-0019|C:\Users\LENOVO_User\kabooks\Avel Folk\del006.wav|4692224|4967994
5-0020|C:\Users\LENOVO_User\kabooks\Avel Folk\del006.wav|4985344|5095482
5-0021|C:\Users\LENOVO_User\kabooks\Avel Folk\del006.wav|5121280|5428538
5-0022|C:\Users\LENOVO_User\kabooks\Avel Folk\del006.wav|5454592|5728570
5-0023|C:\Users\LENOVO_User\kabooks\Avel Folk\del006.wav|5749760|5940026
5-0024|C:\Users\LENOVO_User\kabooks\Avel Folk\del006.wav|5968896|6107450
5-0025|C:\Users\LENOVO_User\kabooks\Avel Folk\del006.wav|6156800|6457146
5-0026|C:\Users\LENOVO_User\kabooks\Avel Folk\del006.wav|6492672|6592058
5-0027|C:\Users\LENOVO_User\kabooks\Avel Folk\del006.wav|6620160|6933818
5-0028|C:\Users\LENOVO_User\kabooks\Avel Folk\del006.wav|6958592|7216442
5-0029|C:\Users\LENOVO_User\kabooks\Avel Folk\del006.wav|7235840|7509306
5-0030|C:\Users\LENOVO_User\kabooks\Avel Folk\del006.wav|7529984|7759674
5-0031|C:\Users\LENOVO_User\kabooks\Avel Folk\del006.wav|7776256|8054842
5-0032|C:\Users\LENOVO_User\kabooks\Avel Folk\del006.wav|8083456|8414522
5-0033|C:\Users\LENOVO_User\kabooks\Avel Folk\del006.wav|8438016|8614714
5-0034|C:\Users\LENOVO_User\kabooks\Avel Folk\del006.wav|8631808|8924218
5-0035|C:\Users\LENOVO_User\kabooks\Avel Folk\del006.wav|8945664|9135418
5-0036|C:\Users\LENOVO_User\kabooks\Avel Folk\del006.wav|9151232|9453370
5-0037|C:\Users\LENOVO_User\kabooks\Avel Folk\del006.wav|9470208|9666618
5-0038|C:\Users\LENOVO_User\kabooks\Avel Folk\del006.wav|9684992|9815866
5-0039|C:\Users\LENOVO_User\kabooks\Avel Folk\del006.wav|9842944|10032698
5-0040|C:\Users\LENOVO_User\kabooks\Avel Folk\del006.wav|10050304|10241594
5-0041|C:\Users\LENOVO_User\kabooks\Avel Folk\del006.wav|10284544|10536250
5-0042|C:\Users\LENOVO_User\kabooks\Avel Folk\del006.wav|10546432|10763066
5-0043|C:\Users\LENOVO_User\kabooks\Avel Folk\del006.wav|10786304|11064378
5-0044|C:\Users\LENOVO_User\kabooks\Avel Folk\del006.wav|11090176|11227450
5-0045|C:\Users\LENOVO_User\kabooks\Avel Folk\del006.wav|11248640|11489338
5-0046|C:\Users\LENOVO_User\kabooks\Avel Folk\del006.wav|11518464|11724602
5-0047|C:\Users\LENOVO_User\kabooks\Avel Folk\del006.wav|11750656|12033082
5-0048|C:\Users\LENOVO_User\kabooks\Avel Folk\del006.wav|12056320|12271674
5-0049|C:\Users\LENOVO_User\kabooks\Avel Folk\del006.wav|12300544|12551738
5-0050|C:\Users\LENOVO_User\kabooks\Avel Folk\del006.wav|12578304|12716602
5-0051|C:\Users\LENOVO_User\kabooks\Avel Folk\del006.wav|12739840|12964410
5-0052|C:\Users\LENOVO_User\kabooks\Avel Folk\del006.wav|12983552|13107258
5-0053|C:\Users\LENOVO_User\kabooks\Avel Folk\del006.wav|13144064|13406522
5-0054|C:\Users\LENOVO_User\kabooks\Avel Folk\del006.wav|13429504|13743418
5-0055|C:\Users\LENOVO_User\kabooks\Avel Folk\del006.wav|13776640|13926714
5-0056|C:\Users\LENOVO_User\kabooks\Avel Folk\del006.wav|13953792|14133050
5-0057|C:\Users\LENOVO_User\kabooks\Avel Folk\del006.wav|14146304|14317114
5-0058|C:\Users\LENOVO_User\kabooks\Avel Folk\del006.wav|14328064|14517306
5-0059|C:\Users\LENOVO_User\kabooks\Avel Folk\del006.wav|14534400|14859322
5-0060|C:\Users\LENOVO_User\kabooks\Avel Folk\del006.wav|14874880|15153210
5-0061|C:\Users\LENOVO_User\kabooks\Avel Folk\del006.wav|15177728|15303994
5-0062|C:\Users\LENOVO_User\kabooks\Avel Folk\del006.wav|15319808|15553338
5-0063|C:\Users\LENOVO_User\kabooks\Avel Folk\del006.wav|15575040|15713338
5-0064|C:\Users\LENOVO_User\kabooks\Avel Folk\del006.wav|15728640|16001082
5-0065|C:\Users\LENOVO_User\kabooks\Avel Folk\del006.wav|16015360|16147770
5-0066|C:\Users\LENOVO_User\kabooks\Avel Folk\del006.wav|16171776|16398138
5-0067|C:\Users\LENOVO_User\kabooks\Avel Folk\del006.wav|16418560|16540730
5-0068|C:\Users\LENOVO_User\kabooks\Avel Folk\del006.wav|16565504|16832314
5-0069|C:\Users\LENOVO_User\kabooks\Avel Folk\del006.wav|16867840|16965690
5-0070|C:\Users\LENOVO_User\kabooks\Avel Folk\del006.wav|16982528|17215802
5-0071|C:\Users\LENOVO_User\kabooks\Avel Folk\del006.wav|17242112|17468474
5-0072|C:\Users\LENOVO_User\kabooks\Avel Folk\del006.wav|17492992|17783866
5-0073|C:\Users\LENOVO_User\kabooks\Avel Folk\del006.wav|17804544|17988666
5-0074|C:\Users\LENOVO_User\kabooks\Avel Folk\del006.wav|18013184|18316346
5-0075|C:\Users\LENOVO_User\kabooks\Avel Folk\del006.wav|18342656|18470714
5-0076|C:\Users\LENOVO_User\kabooks\Avel Folk\del006.wav|18490624|18687546
5-0077|C:\Users\LENOVO_User\kabooks\Avel Folk\del006.wav|18715648|18874170
5-0078|C:\Users\LENOVO_User\kabooks\Avel Folk\del006.wav|18895872|19154746
5-0079|C:\Users\LENOVO_User\kabooks\Avel Folk\del006.wav|19177728|19464762
5-0080|C:\Users\LENOVO_User\kabooks\Avel Folk\del006.wav|19488768|19773754
5-0081|C:\Users\LENOVO_User\kabooks\Avel Folk\del006.wav|19799296|20013370
5-0082|C:\Users\LENOVO_User\kabooks\Avel Folk\del006.wav|20029952|20136506
5-0083|C:\Users\LENOVO_User\kabooks\Avel Folk\del006.wav|20160000|20441658
5-0084|C:\Users\LENOVO_User\kabooks\Avel Folk\del006.wav|20453376|20763962
5-0085|C:\Users\LENOVO_User\kabooks\Avel Folk\del006.wav|20784384|21068858
5-0086|C:\Users\LENOVO_User\kabooks\Avel Folk\del006.wav|21089536|21318202
5-0087|C:\Users\LENOVO_User\kabooks\Avel Folk\del006.wav|21331456|21629498
5-0088|C:\Users\LENOVO_User\kabooks\Avel Folk\del006.wav|21645056|21870650
5-0089|C:\Users\LENOVO_User\kabooks\Avel Folk\del006.wav|21888256|22047034
5-0090|C:\Users\LENOVO_User\kabooks\Avel Folk\del006.wav|22066432|22323002
5-0091|C:\Users\LENOVO_User\kabooks\Avel Folk\del006.wav|22362624|22413370
5-0092|C:\Users\LENOVO_User\kabooks\Avel Folk\del006.wav|22437888|22715962
5-0093|C:\Users\LENOVO_User\kabooks\Avel Folk\del006.wav|22737920|22961210
5-0094|C:\Users\LENOVO_User\kabooks\Avel Folk\del006.wav|22987008|23228474
5-0095|C:\Users\LENOVO_User\kabooks\Avel Folk\del006.wav|23253248|23468346
5-0096|C:\Users\LENOVO_User\kabooks\Avel Folk\del006.wav|23499264|23667002
5-0097|C:\Users\LENOVO_User\kabooks\Avel Folk\del006.wav|23691776|23985978
5-0098|C:\Users\LENOVO_User\kabooks\Avel Folk\del006.wav|24013312|24311610
6-0001|C:\Users\LENOVO_User\kabooks\Avel Folk\del007.wav|12288|186682
6-0002|C:\Users\LENOVO_User\kabooks\Avel Folk\del007.wav|226560|455226
6-0003|C:\Users\LENOVO_User\kabooks\Avel Folk\del007.wav|460800|592186
6-0004|C:\Users\LENOVO_User\kabooks\Avel Folk\del007.wav|605440|894778
6-0005|C:\Users\LENOVO_User\kabooks\Avel Folk\del007.wav|935680|1263162
6-0006|C:\Users\LENOVO_User\kabooks\Avel Folk\del007.wav|1288960|1533242
6-0007|C:\Users\LENOVO_User\kabooks\Avel Folk\del007.wav|1551360|1806650
6-0008|C:\Users\LENOVO_User\kabooks\Avel Folk\del007.wav|1833472|2144570
6-0009|C:\Users\LENOVO_User\kabooks\Avel Folk\del007.wav|2169088|2413114
6-0010|C:\Users\LENOVO_User\kabooks\Avel Folk\del007.wav|2435840|2698042
6-0011|C:\Users\LENOVO_User\kabooks\Avel Folk\del007.wav|2734592|3047994
6-0012|C:\Users\LENOVO_User\kabooks\Avel Folk\del007.wav|3071232|3358778
6-0013|C:\Users\LENOVO_User\kabooks\Avel Folk\del007.wav|3382528|3636282
6-0014|C:\Users\LENOVO_User\kabooks\Avel Folk\del007.wav|3678464|3942714
6-0015|C:\Users\LENOVO_User\kabooks\Avel Folk\del007.wav|3980800|4138298
6-0016|C:\Users\LENOVO_User\kabooks\Avel Folk\del007.wav|4166400|4410938
6-0017|C:\Users\LENOVO_User\kabooks\Avel Folk\del007.wav|4432384|4622906
6-0018|C:\Users\LENOVO_User\kabooks\Avel Folk\del007.wav|4643840|4836154
6-0019|C:\Users\LENOVO_User\kabooks\Avel Folk\del007.wav|4851712|5145658
6-0020|C:\Users\LENOVO_User\kabooks\Avel Folk\del007.wav|5167360|5314106
6-0021|C:\Users\LENOVO_User\kabooks\Avel Folk\del007.wav|5328384|5650234
6-0022|C:\Users\LENOVO_User\kabooks\Avel Folk\del007.wav|5673728|5957690
6-0023|C:\Users\LENOVO_User\kabooks\Avel Folk\del007.wav|5993472|6121786
6-0024|C:\Users\LENOVO_User\kabooks\Avel Folk\del007.wav|6145280|6420794
6-0025|C:\Users\LENOVO_User\kabooks\Avel Folk\del007.wav|6444032|6605370
6-0026|C:\Users\LENOVO_User\kabooks\Avel Folk\del007.wav|6626304|6868538
6-0027|C:\Users\LENOVO_User\kabooks\Avel Folk\del007.wav|6888704|7032634
6-0028|C:\Users\LENOVO_User\kabooks\Avel Folk\del007.wav|7063040|7363642
6-0029|C:\Users\LENOVO_User\kabooks\Avel Folk\del007.wav|7388928|7717178
6-0030|C:\Users\LENOVO_User\kabooks\Avel Folk\del007.wav|7750400|8077882
6-0031|C:\Users\LENOVO_User\kabooks\Avel Folk\del007.wav|8105216|8281146
6-0032|C:\Users\LENOVO_User\kabooks\Avel Folk\del007.wav|8307968|8622906
6-0033|C:\Users\LENOVO_User\kabooks\Avel Folk\del007.wav|8641280|8834874
6-0034|C:\Users\LENOVO_User\kabooks\Avel Folk\del007.wav|8850688|9007930
6-0035|C:\Users\LENOVO_User\kabooks\Avel Folk\del007.wav|9031936|9240378
6-0036|C:\Users\LENOVO_User\kabooks\Avel Folk\del007.wav|9263872|9430842
6-0037|C:\Users\LENOVO_User\kabooks\Avel Folk\del007.wav|9462272|9757498
6-0038|C:\Users\LENOVO_User\kabooks\Avel Folk\del007.wav|9782016|10006330
6-0039|C:\Users\LENOVO_User\kabooks\Avel Folk\del007.wav|10017792|10292282
6-0040|C:\Users\LENOVO_User\kabooks\Avel Folk\del007.wav|10332928|10513722
6-0041|C:\Users\LENOVO_User\kabooks\Avel Folk\del007.wav|10539520|10779706
6-0042|C:\Users\LENOVO_User\kabooks\Avel Folk\del007.wav|10797056|11060794
6-0043|C:\Users\LENOVO_User\kabooks\Avel Folk\del007.wav|11083520|11258682
6-0044|C:\Users\LENOVO_User\kabooks\Avel Folk\del007.wav|11279872|11545658
6-0045|C:\Users\LENOVO_User\kabooks\Avel Folk\del007.wav|11563008|11773242
6-0046|C:\Users\LENOVO_User\kabooks\Avel Folk\del007.wav|11794432|12070202
6-0047|C:\Users\LENOVO_User\kabooks\Avel Folk\del007.wav|12089600|12383802
6-0048|C:\Users\LENOVO_User\kabooks\Avel Folk\del007.wav|12409344|12731962
6-0049|C:\Users\LENOVO_User\kabooks\Avel Folk\del007.wav|12749312|12891194
6-0050|C:\Users\LENOVO_User\kabooks\Avel Folk\del007.wav|12915712|13184314
6-0051|C:\Users\LENOVO_User\kabooks\Avel Folk\del007.wav|13201664|13346618
6-0052|C:\Users\LENOVO_User\kabooks\Avel Folk\del007.wav|13382912|13568570
6-0053|C:\Users\LENOVO_User\kabooks\Avel Folk\del007.wav|13609216|13932858
6-0054|C:\Users\LENOVO_User\kabooks\Avel Folk\del007.wav|13962752|14121530
6-0055|C:\Users\LENOVO_User\kabooks\Avel Folk\del007.wav|14143488|14469434
6-0056|C:\Users\LENOVO_User\kabooks\Avel Folk\del007.wav|14502144|14786106
6-0057|C:\Users\LENOVO_User\kabooks\Avel Folk\del007.wav|14813184|14889274
6-0058|C:\Users\LENOVO_User\kabooks\Avel Folk\del007.wav|14933760|15163194
6-0059|C:\Users\LENOVO_User\kabooks\Avel Folk\del007.wav|15178752|15418682
6-0060|C:\Users\LENOVO_User\kabooks\Avel Folk\del007.wav|15445504|15601978
6-0061|C:\Users\LENOVO_User\kabooks\Avel Folk\del007.wav|15638272|15849530
6-0062|C:\Users\LENOVO_User\kabooks\Avel Folk\del007.wav|15871488|16193338
6-0063|C:\Users\LENOVO_User\kabooks\Avel Folk\del007.wav|16214272|16481082
6-0064|C:\Users\LENOVO_User\kabooks\Avel Folk\del007.wav|16531712|16667962
6-0065|C:\Users\LENOVO_User\kabooks\Avel Folk\del007.wav|16693248|16946234
6-0066|C:\Users\LENOVO_User\kabooks\Avel Folk\del007.wav|16968192|17239354
6-0067|C:\Users\LENOVO_User\kabooks\Avel Folk\del007.wav|17274112|17576250
6-0068|C:\Users\LENOVO_User\kabooks\Avel Folk\del007.wav|17606144|17861946
6-0069|C:\Users\LENOVO_User\kabooks\Avel Folk\del007.wav|17885184|18196794
6-0070|C:\Users\LENOVO_User\kabooks\Avel Folk\del007.wav|18215168|18384186
6-0071|C:\Users\LENOVO_User\kabooks\Avel Folk\del007.wav|18412544|18686778
6-0072|C:\Users\LENOVO_User\kabooks\Avel Folk\del007.wav|18709760|18851642
6-0073|C:\Users\LENOVO_User\kabooks\Avel Folk\del007.wav|18887680|19161146
6-0074|C:\Users\LENOVO_User\kabooks\Avel Folk\del007.wav|19189504|19258426
6-0075|C:\Users\LENOVO_User\kabooks\Avel Folk\del007.wav|19275520|19566394
6-0076|C:\Users\LENOVO_User\kabooks\Avel Folk\del007.wav|19602432|19772730
6-0077|C:\Users\LENOVO_User\kabooks\Avel Folk\del007.wav|19800832|20100922
6-0078|C:\Users\LENOVO_User\kabooks\Avel Folk\del007.wav|20122880|20447034
7-0001|C:\Users\LENOVO_User\kabooks\Avel Folk\del008.wav|12288|244026
7-0002|C:\Users\LENOVO_User\kabooks\Avel Folk\del008.wav|273664|572986
7-0003|C:\Users\LENOVO_User\kabooks\Avel Folk\del008.wav|596736|918074
7-0004|C:\Users\LENOVO_User\kabooks\Avel Folk\del008.wav|962048|1135162
7-0005|C:\Users\LENOVO_User\kabooks\Avel Folk\del008.wav|1161472|1494586
7-0006|C:\Users\LENOVO_User\kabooks\Avel Folk\del008.wav|1527552|1612090
7-0007|C:\Users\LENOVO_User\kabooks\Avel Folk\del008.wav|1644800|1904442
7-0008|C:\Users\LENOVO_User\kabooks\Avel Folk\del008.wav|1928704|2129466
7-0009|C:\Users\LENOVO_User\kabooks\Avel Folk\del008.wav|2144512|2352442
7-0010|C:\Users\LENOVO_User\kabooks\Avel Folk\del008.wav|2383616|2711610
7-0011|C:\Users\LENOVO_User\kabooks\Avel Folk\del008.wav|2731776|2932026
7-0012|C:\Users\LENOVO_User\kabooks\Avel Folk\del008.wav|2945536|3190074
7-0013|C:\Users\LENOVO_User\kabooks\Avel Folk\del008.wav|3216640|3350842
7-0014|C:\Users\LENOVO_User\kabooks\Avel Folk\del008.wav|3363840|3584314
7-0015|C:\Users\LENOVO_User\kabooks\Avel Folk\del008.wav|3607552|3814458
7-0016|C:\Users\LENOVO_User\kabooks\Avel Folk\del008.wav|3847680|4016442
7-0017|C:\Users\LENOVO_User\kabooks\Avel Folk\del008.wav|4036352|4310074
7-0018|C:\Users\LENOVO_User\kabooks\Avel Folk\del008.wav|4325376|4633914
7-0019|C:\Users\LENOVO_User\kabooks\Avel Folk\del008.wav|4650496|4948026
7-0020|C:\Users\LENOVO_User\kabooks\Avel Folk\del008.wav|4979456|5194554
7-0021|C:\Users\LENOVO_User\kabooks\Avel Folk\del008.wav|5214976|5472058
7-0022|C:\Users\LENOVO_User\kabooks\Avel Folk\del008.wav|5494016|5652538
7-0023|C:\Users\LENOVO_User\kabooks\Avel Folk\del008.wav|5684224|5892154
7-0024|C:\Users\LENOVO_User\kabooks\Avel Folk\del008.wav|5916672|6168634
7-0025|C:\Users\LENOVO_User\kabooks\Avel Folk\del008.wav|6189056|6397498
7-0026|C:\Users\LENOVO_User\kabooks\Avel Folk\del008.wav|6425856|6581818
7-0027|C:\Users\LENOVO_User\kabooks\Avel Folk\del008.wav|6614272|6793786
7-0028|C:\Users\LENOVO_User\kabooks\Avel Folk\del008.wav|6820608|7107898
7-0029|C:\Users\LENOVO_User\kabooks\Avel Folk\del008.wav|7134208|7167546
7-0030|C:\Users\LENOVO_User\kabooks\Avel Folk\del008.wav|7183616|7471418
7-0031|C:\Users\LENOVO_User\kabooks\Avel Folk\del008.wav|7489536|7676218
7-0032|C:\Users\LENOVO_User\kabooks\Avel Folk\del008.wav|7698176|7886138
7-0033|C:\Users\LENOVO_User\kabooks\Avel Folk\del008.wav|7903488|8146746
7-0034|C:\Users\LENOVO_User\kabooks\Avel Folk\del008.wav|8174080|8406330
7-0035|C:\Users\LENOVO_User\kabooks\Avel Folk\del008.wav|8430080|8727610
7-0036|C:\Users\LENOVO_User\kabooks\Avel Folk\del008.wav|8749568|8915258
7-0037|C:\Users\LENOVO_User\kabooks\Avel Folk\del008.wav|8931584|9228858
7-0038|C:\Users\LENOVO_User\kabooks\Avel Folk\del008.wav|9258752|9393466
7-0039|C:\Users\LENOVO_User\kabooks\Avel Folk\del008.wav|9414912|9626938
7-0040|C:\Users\LENOVO_User\kabooks\Avel Folk\del008.wav|9654016|9827130
7-0041|C:\Users\LENOVO_User\kabooks\Avel Folk\del008.wav|9872384|10050618
7-0042|C:\Users\LENOVO_User\kabooks\Avel Folk\del008.wav|10073344|10331706
7-0043|C:\Users\LENOVO_User\kabooks\Avel Folk\del008.wav|10362368|10682170
7-0044|C:\Users\LENOVO_User\kabooks\Avel Folk\del008.wav|10710784|10774842
7-0045|C:\Users\LENOVO_User\kabooks\Avel Folk\del008.wav|10809856|11125306
7-0046|C:\Users\LENOVO_User\kabooks\Avel Folk\del008.wav|11148288|11456570
7-0047|C:\Users\LENOVO_User\kabooks\Avel Folk\del008.wav|11480576|11793210
7-0048|C:\Users\LENOVO_User\kabooks\Avel Folk\del008.wav|11815424|12124986
7-0049|C:\Users\LENOVO_User\kabooks\Avel Folk\del008.wav|12149504|12231482
7-0050|C:\Users\LENOVO_User\kabooks\Avel Folk\del008.wav|12259072|12568634
7-0051|C:\Users\LENOVO_User\kabooks\Avel Folk\del008.wav|12581376|12877114
7-0052|C:\Users\LENOVO_User\kabooks\Avel Folk\del008.wav|12894208|13226042
7-0053|C:\Users\LENOVO_User\kabooks\Avel Folk\del008.wav|13246208|13509178
7-0054|C:\Users\LENOVO_User\kabooks\Avel Folk\del008.wav|13540864|13687098
7-0055|C:\Users\LENOVO_User\kabooks\Avel Folk\del008.wav|13704960|13914426
7-0056|C:\Users\LENOVO_User\kabooks\Avel Folk\del008.wav|13939456|14172986
7-0057|C:\Users\LENOVO_User\kabooks\Avel Folk\del008.wav|14196480|14290234
7-0058|C:\Users\LENOVO_User\kabooks\Avel Folk\del008.wav|14316032|14617146
7-0059|C:\Users\LENOVO_User\kabooks\Avel Folk\del008.wav|14639616|14965050
7-0060|C:\Users\LENOVO_User\kabooks\Avel Folk\del008.wav|14994688|15140666
7-0061|C:\Users\LENOVO_User\kabooks\Avel Folk\del008.wav|15170560|15423290
7-0062|C:\Users\LENOVO_User\kabooks\Avel Folk\del008.wav|15442688|15725114
7-0063|C:\Users\LENOVO_User\kabooks\Avel Folk\del008.wav|15744256|15983674
7-0064|C:\Users\LENOVO_User\kabooks\Avel Folk\del008.wav|16025600|16313914
7-0065|C:\Users\LENOVO_User\kabooks\Avel Folk\del008.wav|16338432|16611130
7-0066|C:\Users\LENOVO_User\kabooks\Avel Folk\del008.wav|16625664|16844858
7-0067|C:\Users\LENOVO_User\kabooks\Avel Folk\del008.wav|16878080|16980794
7-0068|C:\Users\LENOVO_User\kabooks\Avel Folk\del008.wav|17004544|17256762
7-0069|C:\Users\LENOVO_User\kabooks\Avel Folk\del008.wav|17289728|17406266
7-0070|C:\Users\LENOVO_User\kabooks\Avel Folk\del008.wav|17430272|17663546
7-0071|C:\Users\LENOVO_User\kabooks\Avel Folk\del008.wav|17695744|17868858
7-0072|C:\Users\LENOVO_User\kabooks\Avel Folk\del008.wav|17890816|18155834
7-0073|C:\Users\LENOVO_User\kabooks\Avel Folk\del008.wav|18177024|18338106
7-0074|C:\Users\LENOVO_User\kabooks\Avel Folk\del008.wav|18356224|18595130
7-0075|C:\Users\LENOVO_User\kabooks\Avel Folk\del008.wav|18615552|18837562
7-0076|C:\Users\LENOVO_User\kabooks\Avel Folk\del008.wav|18871296|19198522
7-0077|C:\Users\LENOVO_User\kabooks\Avel Folk\del008.wav|19230464|19400506
7-0078|C:\Users\LENOVO_User\kabooks\Avel Folk\del008.wav|19418624|19703354
7-0079|C:\Users\LENOVO_User\kabooks\Avel Folk\del008.wav|19738880|19949882
7-0080|C:\Users\LENOVO_User\kabooks\Avel Folk\del008.wav|19968000|20169018
7-0081|C:\Users\LENOVO_User\kabooks\Avel Folk\del008.wav|20201728|20520250
7-0082|C:\Users\LENOVO_User\kabooks\Avel Folk\del008.wav|20541184|20835898
7-0083|C:\Users\LENOVO_User\kabooks\Avel Folk\del008.wav|20868864|21187386
7-0084|C:\Users\LENOVO_User\kabooks\Avel Folk\del008.wav|21213184|21510202
7-0085|C:\Users\LENOVO_User\kabooks\Avel Folk\del008.wav|21529344|21795898
7-0086|C:\Users\LENOVO_User\kabooks\Avel Folk\del008.wav|21825536|21948474
7-0087|C:\Users\LENOVO_User\kabooks\Avel Folk\del008.wav|21977088|22239290
7-0088|C:\Users\LENOVO_User\kabooks\Avel Folk\del008.wav|22262784|22547002
7-0089|C:\Users\LENOVO_User\kabooks\Avel Folk\del008.wav|22567424|22662970
7-0090|C:\Users\LENOVO_User\kabooks\Avel Folk\del008.wav|22682368|22905402
7-0091|C:\Users\LENOVO_User\kabooks\Avel Folk\del008.wav|22927360|23057210
7-0092|C:\Users\LENOVO_User\kabooks\Avel Folk\del008.wav|23072256|23299130
7-0093|C:\Users\LENOVO_User\kabooks\Avel Folk\del008.wav|23333632|23569466
7-0094|C:\Users\LENOVO_User\kabooks\Avel Folk\del008.wav|23592448|23783482
7-0095|C:\Users\LENOVO_User\kabooks\Avel Folk\del008.wav|23797504|24023610
7-0096|C:\Users\LENOVO_User\kabooks\Avel Folk\del008.wav|24036608|24175930
7-0097|C:\Users\LENOVO_User\kabooks\Avel Folk\del008.wav|24194816|24381498
7-0098|C:\Users\LENOVO_User\kabooks\Avel Folk\del008.wav|24397056|24680250
7-0099|C:\Users\LENOVO_User\kabooks\Avel Folk\del008.wav|24696320|24785978
7-0100|C:\Users\LENOVO_User\kabooks\Avel Folk\del008.wav|24818944|25073466
7-0101|C:\Users\LENOVO_User\kabooks\Avel Folk\del008.wav|25117184|25211450
7-0102|C:\Users\LENOVO_User\kabooks\Avel Folk\del008.wav|25229568|25516090
7-0103|C:\Users\LENOVO_User\kabooks\Avel Folk\del008.wav|25539584|25610810
7-0104|C:\Users\LENOVO_User\kabooks\Avel Folk\del008.wav|25639424|25947706
7-0105|C:\Users\LENOVO_User\kabooks\Avel Folk\del008.wav|25975040|26297914
7-0106|C:\Users\LENOVO_User\kabooks\Avel Folk\del008.wav|26314752|26409786
7-0107|C:\Users\LENOVO_User\kabooks\Avel Folk\del008.wav|26435584|26740794
7-0108|C:\Users\LENOVO_User\kabooks\Avel Folk\del008.wav|26761728|26965306
7-0109|C:\Users\LENOVO_User\kabooks\Avel Folk\del008.wav|26993408|27285818
7-0110|C:\Users\LENOVO_User\kabooks\Avel Folk\del008.wav|27297536|27598906
7-0111|C:\Users\LENOVO_User\kabooks\Avel Folk\del008.wav|27610624|27679802
7-0112|C:\Users\LENOVO_User\kabooks\Avel Folk\del008.wav|27704832|27975226
7-0113|C:\Users\LENOVO_User\kabooks\Avel Folk\del008.wav|27991552|28298042
7-0114|C:\Users\LENOVO_User\kabooks\Avel Folk\del008.wav|28319744|28456250
7-0115|C:\Users\LENOVO_User\kabooks\Avel Folk\del008.wav|28482304|28786234
7-0116|C:\Users\LENOVO_User\kabooks\Avel Folk\del008.wav|28813824|28881466
7-0117|C:\Users\LENOVO_User\kabooks\Avel Folk\del008.wav|28897792|29157434
7-0118|C:\Users\LENOVO_User\kabooks\Avel Folk\del008.wav|29179648|29430330
7-0119|C:\Users\LENOVO_User\kabooks\Avel Folk\del008.wav|29448448|29758266
7-0120|C:\Users\LENOVO_User\kabooks\Avel Folk\del008.wav|29767168|29996090
7-0121|C:\Users\LENOVO_User\kabooks\Avel Folk\del008.wav|30018816|30165562
7-0122|C:\Users\LENOVO_User\kabooks\Avel Folk\del008.wav|30197760|30393402
7-0123|C:\Users\LENOVO_User\kabooks\Avel Folk\del008.wav|30412032|30558010
7-0124|C:\Users\LENOVO_User\kabooks\Avel Folk\del008.wav|30582272|30883386
7-0125|C:\Users\LENOVO_User\kabooks\Avel Folk\del008.wav|30903552|31089978
7-0126|C:\Users\LENOVO_User\kabooks\Avel Folk\del008.wav|31117568|31307834
7-0127|C:\Users\LENOVO_User\kabooks\Avel Folk\del008.wav|31326464|31610938
7-0128|C:\Users\LENOVO_User\kabooks\Avel Folk\del008.wav|31625216|31926842
7-0129|C:\Users\LENOVO_User\kabooks\Avel Folk\del008.wav|31946496|32090682
7-0130|C:\Users\LENOVO_User\kabooks\Avel Folk\del008.wav|32120320|32324922
7-0131|C:\Users\LENOVO_User\kabooks\Avel Folk\del008.wav|32349696|32644922
7-0132|C:\Users\LENOVO_User\kabooks\Avel Folk\del008.wav|32675584|32865082
7-0133|C:\Users\LENOVO_User\kabooks\Avel Folk\del008.wav|32880128|33135930
7-0134|C:\Users\LENOVO_User\kabooks\Avel Folk\del008.wav|33169920|33347386
7-0135|C:\Users\LENOVO_User\kabooks\Avel Folk\del008.wav|33367552|33600570
7-0136|C:\Users\LENOVO_User\kabooks\Avel Folk\del008.wav|33631744|33718074
7-0137|C:\Users\LENOVO_User\kabooks\Avel Folk\del008.wav|33742080|34002234
7-0138|C:\Users\LENOVO_User\kabooks\Avel Folk\del008.wav|34021120|34146106
7-0139|C:\Users\LENOVO_User\kabooks\Avel Folk\del008.wav|34174464|34375994
7-0140|C:\Users\LENOVO_User\kabooks\Avel Folk\del008.wav|34396928|34707514
7-0141|C:\Users\LENOVO_User\kabooks\Avel Folk\del008.wav|34727168|34914362
7-0142|C:\Users\LENOVO_User\kabooks\Avel Folk\del008.wav|34939392|35144506
7-0143|C:\Users\LENOVO_User\kabooks\Avel Folk\del008.wav|35164416|35490874
7-0144|C:\Users\LENOVO_User\kabooks\Avel Folk\del008.wav|35520256|35596602
7-0145|C:\Users\LENOVO_User\kabooks\Avel Folk\del008.wav|35618048|35952954
7-0146|C:\Users\LENOVO_User\kabooks\Avel Folk\del008.wav|35972864|36275002
7-0147|C:\Users\LENOVO_User\kabooks\Avel Folk\del008.wav|36298240|36531770
7-0148|C:\Users\LENOVO_User\kabooks\Avel Folk\del008.wav|36562176|36679994
7-0149|C:\Users\LENOVO_User\kabooks\Avel Folk\del008.wav|36690944|36989498
7-0150|C:\Users\LENOVO_User\kabooks\Avel Folk\del008.wav|37014016|37317178
7-0151|C:\Users\LENOVO_User\kabooks\Avel Folk\del008.wav|37329408|37413690
8-0001|C:\Users\LENOVO_User\kabooks\Avel Folk\del009.wav|10752|76858
8-0002|C:\Users\LENOVO_User\kabooks\Avel Folk\del009.wav|112896|441146
8-0003|C:\Users\LENOVO_User\kabooks\Avel Folk\del009.wav|467200|582714
8-0004|C:\Users\LENOVO_User\kabooks\Avel Folk\del009.wav|638720|887098
8-0005|C:\Users\LENOVO_User\kabooks\Avel Folk\del009.wav|914944|1117242
8-0006|C:\Users\LENOVO_User\kabooks\Avel Folk\del009.wav|1137920|1440058
8-0007|C:\Users\LENOVO_User\kabooks\Avel Folk\del009.wav|1464320|1769274
8-0008|C:\Users\LENOVO_User\kabooks\Avel Folk\del009.wav|1784576|2069306
8-0009|C:\Users\LENOVO_User\kabooks\Avel Folk\del009.wav|2088704|2338618
8-0010|C:\Users\LENOVO_User\kabooks\Avel Folk\del009.wav|2351872|2591546
8-0011|C:\Users\LENOVO_User\kabooks\Avel Folk\del009.wav|2620160|2732090
8-0012|C:\Users\LENOVO_User\kabooks\Avel Folk\del009.wav|2759680|3051578
8-0013|C:\Users\LENOVO_User\kabooks\Avel Folk\del009.wav|3078912|3320634
8-0014|C:\Users\LENOVO_User\kabooks\Avel Folk\del009.wav|3336448|3485242
8-0015|C:\Users\LENOVO_User\kabooks\Avel Folk\del009.wav|3504384|3824442
8-0016|C:\Users\LENOVO_User\kabooks\Avel Folk\del009.wav|3843840|3899450
8-0017|C:\Users\LENOVO_User\kabooks\Avel Folk\del009.wav|3919360|4203322
8-0018|C:\Users\LENOVO_User\kabooks\Avel Folk\del009.wav|4231936|4492346
8-0019|C:\Users\LENOVO_User\kabooks\Avel Folk\del009.wav|4522240|4638522
8-0020|C:\Users\LENOVO_User\kabooks\Avel Folk\del009.wav|4655616|4914234
8-0021|C:\Users\LENOVO_User\kabooks\Avel Folk\del009.wav|4930304|5224250
8-0022|C:\Users\LENOVO_User\kabooks\Avel Folk\del009.wav|5238528|5405242
8-0023|C:\Users\LENOVO_User\kabooks\Avel Folk\del009.wav|5436672|5664826
8-0024|C:\Users\LENOVO_User\kabooks\Avel Folk\del009.wav|5686784|5836090
8-0025|C:\Users\LENOVO_User\kabooks\Avel Folk\del009.wav|5860096|6062650
8-0026|C:\Users\LENOVO_User\kabooks\Avel Folk\del009.wav|6080256|6307386
8-0027|C:\Users\LENOVO_User\kabooks\Avel Folk\del009.wav|6331648|6640442
8-0028|C:\Users\LENOVO_User\kabooks\Avel Folk\del009.wav|6656768|6671674
8-0029|C:\Users\LENOVO_User\kabooks\Avel Folk\del009.wav|6692096|7008570
8-0030|C:\Users\LENOVO_User\kabooks\Avel Folk\del009.wav|7041280|7353402
8-0031|C:\Users\LENOVO_User\kabooks\Avel Folk\del009.wav|7384576|7679546
8-0032|C:\Users\LENOVO_User\kabooks\Avel Folk\del009.wav|7709952|7949370
8-0033|C:\Users\LENOVO_User\kabooks\Avel Folk\del009.wav|7973888|8245050
8-0034|C:\Users\LENOVO_User\kabooks\Avel Folk\del009.wav|8272896|8470842
8-0035|C:\Users\LENOVO_User\kabooks\Avel Folk\del009.wav|8492544|8819514
8-0036|C:\Users\LENOVO_User\kabooks\Avel Folk\del009.wav|8843520|9047098
8-0037|C:\Users\LENOVO_User\kabooks\Avel Folk\del009.wav|9077760|9358650
8-0038|C:\Users\LENOVO_User\kabooks\Avel Folk\del009.wav|9383168|9678138
8-0039|C:\Users\LENOVO_User\kabooks\Avel Folk\del009.wav|9709568|9997370
8-0040|C:\Users\LENOVO_User\kabooks\Avel Folk\del009.wav|10016256|10252858
8-0041|C:\Users\LENOVO_User\kabooks\Avel Folk\del009.wav|10271232|10599482
8-0042|C:\Users\LENOVO_User\kabooks\Avel Folk\del009.wav|10612224|10709306
8-0043|C:\Users\LENOVO_User\kabooks\Avel Folk\del009.wav|10734336|11056698
8-0044|C:\Users\LENOVO_User\kabooks\Avel Folk\del009.wav|11073792|11362362
8-0045|C:\Users\LENOVO_User\kabooks\Avel Folk\del009.wav|11394048|11629370
8-0046|C:\Users\LENOVO_User\kabooks\Avel Folk\del009.wav|11654144|11774266
8-0047|C:\Users\LENOVO_User\kabooks\Avel Folk\del009.wav|11791616|12039482
8-0048|C:\Users\LENOVO_User\kabooks\Avel Folk\del009.wav|12054016|12315450
8-0049|C:\Users\LENOVO_User\kabooks\Avel Folk\del009.wav|12335616|12502330
8-0050|C:\Users\LENOVO_User\kabooks\Avel Folk\del009.wav|12520448|12689722
8-0051|C:\Users\LENOVO_User\kabooks\Avel Folk\del009.wav|12716800|13017402
8-0052|C:\Users\LENOVO_User\kabooks\Avel Folk\del009.wav|13032192|13265210
8-0053|C:\Users\LENOVO_User\kabooks\Avel Folk\del009.wav|13287168|13446714
8-0054|C:\Users\LENOVO_User\kabooks\Avel Folk\del009.wav|13482240|13734714
8-0055|C:\Users\LENOVO_User\kabooks\Avel Folk\del009.wav|13766656|13927482
8-0056|C:\Users\LENOVO_User\kabooks\Avel Folk\del009.wav|13963776|14132026
8-0057|C:\Users\LENOVO_User\kabooks\Avel Folk\del009.wav|14151680|14448698
8-0058|C:\Users\LENOVO_User\kabooks\Avel Folk\del009.wav|14475520|14624314
8-0059|C:\Users\LENOVO_User\kabooks\Avel Folk\del009.wav|14644992|14896698
8-0060|C:\Users\LENOVO_User\kabooks\Avel Folk\del009.wav|14934272|15163706
8-0061|C:\Users\LENOVO_User\kabooks\Avel Folk\del009.wav|15190272|15406906
8-0062|C:\Users\LENOVO_User\kabooks\Avel Folk\del009.wav|15432192|15733562
8-0063|C:\Users\LENOVO_User\kabooks\Avel Folk\del009.wav|15753728|16076346
9-0001|C:\Users\LENOVO_User\kabooks\Avel Folk\del010.wav|11776|80186
9-0002|C:\Users\LENOVO_User\kabooks\Avel Folk\del010.wav|122624|348730
9-0003|C:\Users\LENOVO_User\kabooks\Avel Folk\del010.wav|401152|699706
9-0004|C:\Users\LENOVO_User\kabooks\Avel Folk\del010.wav|724224|936762
9-0005|C:\Users\LENOVO_User\kabooks\Avel Folk\del010.wav|958720|1272378
9-0006|C:\Users\LENOVO_User\kabooks\Avel Folk\del010.wav|1293568|1346874
9-0007|C:\Users\LENOVO_User\kabooks\Avel Folk\del010.wav|1368832|1697338
9-0008|C:\Users\LENOVO_User\kabooks\Avel Folk\del010.wav|1716736|1975354
9-0009|C:\Users\LENOVO_User\kabooks\Avel Folk\del010.wav|2001408|2266170
9-0010|C:\Users\LENOVO_User\kabooks\Avel Folk\del010.wav|2289920|2425146
9-0011|C:\Users\LENOVO_User\kabooks\Avel Folk\del010.wav|2443264|2705978
9-0012|C:\Users\LENOVO_User\kabooks\Avel Folk\del010.wav|2733056|2948922
9-0013|C:\Users\LENOVO_User\kabooks\Avel Folk\del010.wav|2994688|3260730
9-0014|C:\Users\LENOVO_User\kabooks\Avel Folk\del010.wav|3282176|3571258
9-0015|C:\Users\LENOVO_User\kabooks\Avel Folk\del010.wav|3592192|3717690
9-0016|C:\Users\LENOVO_User\kabooks\Avel Folk\del010.wav|3740416|4004154
9-0017|C:\Users\LENOVO_User\kabooks\Avel Folk\del010.wav|4025856|4295994
9-0018|C:\Users\LENOVO_User\kabooks\Avel Folk\del010.wav|4327424|4579386
9-0019|C:\Users\LENOVO_User\kabooks\Avel Folk\del010.wav|4606464|4691514
9-0020|C:\Users\LENOVO_User\kabooks\Avel Folk\del010.wav|4715776|4944186
9-0021|C:\Users\LENOVO_User\kabooks\Avel Folk\del010.wav|4968448|5276474
9-0022|C:\Users\LENOVO_User\kabooks\Avel Folk\del010.wav|5309696|5397306
9-0023|C:\Users\LENOVO_User\kabooks\Avel Folk\del010.wav|5411584|5662010
9-0024|C:\Users\LENOVO_User\kabooks\Avel Folk\del010.wav|5687552|5978938
9-0025|C:\Users\LENOVO_User\kabooks\Avel Folk\del010.wav|6010880|6250810
9-0026|C:\Users\LENOVO_User\kabooks\Avel Folk\del010.wav|6275328|6428730
9-0027|C:\Users\LENOVO_User\kabooks\Avel Folk\del010.wav|6451200|6720058
9-0028|C:\Users\LENOVO_User\kabooks\Avel Folk\del010.wav|6739200|6991418
9-0029|C:\Users\LENOVO_User\kabooks\Avel Folk\del010.wav|7016960|7345722
9-0030|C:\Users\LENOVO_User\kabooks\Avel Folk\del010.wav|7369216|7606074
9-0031|C:\Users\LENOVO_User\kabooks\Avel Folk\del010.wav|7640320|7838266
9-0032|C:\Users\LENOVO_User\kabooks\Avel Folk\del010.wav|7857920|8179002
9-0033|C:\Users\LENOVO_User\kabooks\Avel Folk\del010.wav|8203520|8474682
9-0034|C:\Users\LENOVO_User\kabooks\Avel Folk\del010.wav|8494592|8768314
9-0035|C:\Users\LENOVO_User\kabooks\Avel Folk\del010.wav|8780288|8973370
9-0036|C:\Users\LENOVO_User\kabooks\Avel Folk\del010.wav|9006592|9294138
9-0037|C:\Users\LENOVO_User\kabooks\Avel Folk\del010.wav|9323776|9432634
9-0038|C:\Users\LENOVO_User\kabooks\Avel Folk\del010.wav|9482496|9770554
9-0039|C:\Users\LENOVO_User\kabooks\Avel Folk\del010.wav|9800192|10089274
9-0040|C:\Users\LENOVO_User\kabooks\Avel Folk\del010.wav|10109696|10438202
9-0041|C:\Users\LENOVO_User\kabooks\Avel Folk\del010.wav|10467072|10515770
9-0042|C:\Users\LENOVO_User\kabooks\Avel Folk\del010.wav|10537728|10841658
9-0043|C:\Users\LENOVO_User\kabooks\Avel Folk\del010.wav|10867968|11150650
9-0044|C:\Users\LENOVO_User\kabooks\Avel Folk\del010.wav|11170048|11477562
9-0045|C:\Users\LENOVO_User\kabooks\Avel Folk\del010.wav|11502592|11644218
9-0046|C:\Users\LENOVO_User\kabooks\Avel Folk\del010.wav|11658240|11894074
9-0047|C:\Users\LENOVO_User\kabooks\Avel Folk\del010.wav|11905536|12167482
9-0048|C:\Users\LENOVO_User\kabooks\Avel Folk\del010.wav|12198400|12486970
9-0049|C:\Users\LENOVO_User\kabooks\Avel Folk\del010.wav|12518144|12798522
9-0050|C:\Users\LENOVO_User\kabooks\Avel Folk\del010.wav|12825088|12885306
10-0001|C:\Users\LENOVO_User\kabooks\Avel Folk\del011.wav|11776|151866
10-0002|C:\Users\LENOVO_User\kabooks\Avel Folk\del011.wav|168960|494650
10-0003|C:\Users\LENOVO_User\kabooks\Avel Folk\del011.wav|522240|696122
10-0004|C:\Users\LENOVO_User\kabooks\Avel Folk\del011.wav|746240|951610
10-0005|C:\Users\LENOVO_User\kabooks\Avel Folk\del011.wav|976128|1262906
10-0006|C:\Users\LENOVO_User\kabooks\Avel Folk\del011.wav|1293824|1594938
10-0007|C:\Users\LENOVO_User\kabooks\Avel Folk\del011.wav|1618432|1909050
10-0008|C:\Users\LENOVO_User\kabooks\Avel Folk\del011.wav|1934080|2195514
10-0009|C:\Users\LENOVO_User\kabooks\Avel Folk\del011.wav|2214400|2330170
10-0010|C:\Users\LENOVO_User\kabooks\Avel Folk\del011.wav|2359296|2672698
10-0011|C:\Users\LENOVO_User\kabooks\Avel Folk\del011.wav|2684928|2877242
10-0012|C:\Users\LENOVO_User\kabooks\Avel Folk\del011.wav|2907648|3026490
10-0013|C:\Users\LENOVO_User\kabooks\Avel Folk\del011.wav|3049984|3358010
10-0014|C:\Users\LENOVO_User\kabooks\Avel Folk\del011.wav|3386112|3677754
10-0015|C:\Users\LENOVO_User\kabooks\Avel Folk\del011.wav|3708928|3980602
10-0016|C:\Users\LENOVO_User\kabooks\Avel Folk\del011.wav|3997440|4129850
10-0017|C:\Users\LENOVO_User\kabooks\Avel Folk\del011.wav|4149248|4466490
10-0018|C:\Users\LENOVO_User\kabooks\Avel Folk\del011.wav|4496384|4739898
10-0019|C:\Users\LENOVO_User\kabooks\Avel Folk\del011.wav|4754432|4902970
10-0020|C:\Users\LENOVO_User\kabooks\Avel Folk\del011.wav|4920064|5161274
10-0021|C:\Users\LENOVO_User\kabooks\Avel Folk\del011.wav|5187072|5491514
10-0022|C:\Users\LENOVO_User\kabooks\Avel Folk\del011.wav|5507328|5634874
10-0023|C:\Users\LENOVO_User\kabooks\Avel Folk\del011.wav|5660416|5916218
10-0024|C:\Users\LENOVO_User\kabooks\Avel Folk\del011.wav|5945088|6244410
10-0025|C:\Users\LENOVO_User\kabooks\Avel Folk\del011.wav|6265344|6573882
10-0026|C:\Users\LENOVO_User\kabooks\Avel Folk\del011.wav|6594048|6917434
10-0027|C:\Users\LENOVO_User\kabooks\Avel Folk\del011.wav|6941952|7239738
10-0028|C:\Users\LENOVO_User\kabooks\Avel Folk\del011.wav|7269888|7591738
10-0029|C:\Users\LENOVO_User\kabooks\Avel Folk\del011.wav|7621376|7946042
10-0030|C:\Users\LENOVO_User\kabooks\Avel Folk\del011.wav|7967232|8231994
10-0031|C:\Users\LENOVO_User\kabooks\Avel Folk\del011.wav|8259840|8507194
10-0032|C:\Users\LENOVO_User\kabooks\Avel Folk\del011.wav|8530944|8762170
10-0033|C:\Users\LENOVO_User\kabooks\Avel Folk\del011.wav|8790784|8969018
10-0034|C:\Users\LENOVO_User\kabooks\Avel Folk\del011.wav|8987648|9212474
10-0035|C:\Users\LENOVO_User\kabooks\Avel Folk\del011.wav|9244928|9518394
10-0036|C:\Users\LENOVO_User\kabooks\Avel Folk\del011.wav|9536512|9589562
10-0037|C:\Users\LENOVO_User\kabooks\Avel Folk\del011.wav|9621504|9955642
10-0038|C:\Users\LENOVO_User\kabooks\Avel Folk\del011.wav|9973248|10185530
10-0039|C:\Users\LENOVO_User\kabooks\Avel Folk\del011.wav|10205952|10374202
10-0040|C:\Users\LENOVO_User\kabooks\Avel Folk\del011.wav|10398720|10671930
11-0001|C:\Users\LENOVO_User\kabooks\Avel Folk\del012.wav|13824|306234
11-0002|C:\Users\LENOVO_User\kabooks\Avel Folk\del012.wav|327168|535866
11-0003|C:\Users\LENOVO_User\kabooks\Avel Folk\del012.wav|546304|845882
11-0004|C:\Users\LENOVO_User\kabooks\Avel Folk\del012.wav|872192|1048890
11-0005|C:\Users\LENOVO_User\kabooks\Avel Folk\del012.wav|1087488|1381178
11-0006|C:\Users\LENOVO_User\kabooks\Avel Folk\del012.wav|1413376|1706298
11-0007|C:\Users\LENOVO_User\kabooks\Avel Folk\del012.wav|1737984|2053178
11-0008|C:\Users\LENOVO_User\kabooks\Avel Folk\del012.wav|2078720|2278458
11-0009|C:\Users\LENOVO_User\kabooks\Avel Folk\del012.wav|2296320|2568762
11-0010|C:\Users\LENOVO_User\kabooks\Avel Folk\del012.wav|2603264|2819898
11-0011|C:\Users\LENOVO_User\kabooks\Avel Folk\del012.wav|2832640|3106106
11-0012|C:\Users\LENOVO_User\kabooks\Avel Folk\del012.wav|3118080|3362106
11-0013|C:\Users\LENOVO_User\kabooks\Avel Folk\del012.wav|3397120|3571002
11-0014|C:\Users\LENOVO_User\kabooks\Avel Folk\del012.wav|3589120|3895866
11-0015|C:\Users\LENOVO_User\kabooks\Avel Folk\del012.wav|3919360|4141370
11-0016|C:\Users\LENOVO_User\kabooks\Avel Folk\del012.wav|4168960|4364602
11-0017|C:\Users\LENOVO_User\kabooks\Avel Folk\del012.wav|4392704|4665914
11-0018|C:\Users\LENOVO_User\kabooks\Avel Folk\del012.wav|4689664|4872250
11-0019|C:\Users\LENOVO_User\kabooks\Avel Folk\del012.wav|4879616|5070650
11-0020|C:\Users\LENOVO_User\kabooks\Avel Folk\del012.wav|5101056|5233978
11-0021|C:\Users\LENOVO_User\kabooks\Avel Folk\del012.wav|5265408|5528890
11-0022|C:\Users\LENOVO_User\kabooks\Avel Folk\del012.wav|5549824|5659194
11-0023|C:\Users\LENOVO_User\kabooks\Avel Folk\del012.wav|5680640|5997114
11-0024|C:\Users\LENOVO_User\kabooks\Avel Folk\del012.wav|6014208|6258746
11-0025|C:\Users\LENOVO_User\kabooks\Avel Folk\del012.wav|6277376|6372410
11-0026|C:\Users\LENOVO_User\kabooks\Avel Folk\del012.wav|6392064|6678074
11-0027|C:\Users\LENOVO_User\kabooks\Avel Folk\del012.wav|6700032|7017786
11-0028|C:\Users\LENOVO_User\kabooks\Avel Folk\del012.wav|7068928|7173178
11-0029|C:\Users\LENOVO_User\kabooks\Avel Folk\del012.wav|7193344|7503418
11-0030|C:\Users\LENOVO_User\kabooks\Avel Folk\del012.wav|7536384|7788602
11-0031|C:\Users\LENOVO_User\kabooks\Avel Folk\del012.wav|7815680|8123194
11-0032|C:\Users\LENOVO_User\kabooks\Avel Folk\del012.wav|8156672|8480570
11-0033|C:\Users\LENOVO_User\kabooks\Avel Folk\del012.wav|8502528|8682554
11-0034|C:\Users\LENOVO_User\kabooks\Avel Folk\del012.wav|8706560|8972090
11-0035|C:\Users\LENOVO_User\kabooks\Avel Folk\del012.wav|8993280|9178938
11-0036|C:\Users\LENOVO_User\kabooks\Avel Folk\del012.wav|9204224|9534010
11-0037|C:\Users\LENOVO_User\kabooks\Avel Folk\del012.wav|9557760|9766458
11-0038|C:\Users\LENOVO_User\kabooks\Avel Folk\del012.wav|9782272|10011450
11-0039|C:\Users\LENOVO_User\kabooks\Avel Folk\del012.wav|10033408|10159674
11-0040|C:\Users\LENOVO_User\kabooks\Avel Folk\del012.wav|10178048|10438202
11-0041|C:\Users\LENOVO_User\kabooks\Avel Folk\del012.wav|10460928|10749498
11-0042|C:\Users\LENOVO_User\kabooks\Avel Folk\del012.wav|10768128|10957882
11-0043|C:\Users\LENOVO_User\kabooks\Avel Folk\del012.wav|10980352|11304250
11-0044|C:\Users\LENOVO_User\kabooks\Avel Folk\del012.wav|11342848|11664954
11-0045|C:\Users\LENOVO_User\kabooks\Avel Folk\del012.wav|11688960|11937338
11-0046|C:\Users\LENOVO_User\kabooks\Avel Folk\del012.wav|11953408|12226874
11-0047|C:\Users\LENOVO_User\kabooks\Avel Folk\del012.wav|12239872|12447802
11-0048|C:\Users\LENOVO_User\kabooks\Avel Folk\del012.wav|12468224|12781882
11-0049|C:\Users\LENOVO_User\kabooks\Avel Folk\del012.wav|12815616|13107770
11-0050|C:\Users\LENOVO_User\kabooks\Avel Folk\del012.wav|13121536|13345594
11-0051|C:\Users\LENOVO_User\kabooks\Avel Folk\del012.wav|13369600|13547066
11-0052|C:\Users\LENOVO_User\kabooks\Avel Folk\del012.wav|13581824|13908026
11-0053|C:\Users\LENOVO_User\kabooks\Avel Folk\del012.wav|13932288|14130234
11-0054|C:\Users\LENOVO_User\kabooks\Avel Folk\del012.wav|14163456|14487866
11-0055|C:\Users\LENOVO_User\kabooks\Avel Folk\del012.wav|14501888|14535226
11-0056|C:\Users\LENOVO_User\kabooks\Avel Folk\del012.wav|14565888|14838330
11-0057|C:\Users\LENOVO_User\kabooks\Avel Folk\del012.wav|14853888|15141946
11-0058|C:\Users\LENOVO_User\kabooks\Avel Folk\del012.wav|15155456|15483194
11-0059|C:\Users\LENOVO_User\kabooks\Avel Folk\del012.wav|15500544|15803194
11-0060|C:\Users\LENOVO_User\kabooks\Avel Folk\del012.wav|15828480|15846458
11-0061|C:\Users\LENOVO_User\kabooks\Avel Folk\del012.wav|15864832|16180282
11-0062|C:\Users\LENOVO_User\kabooks\Avel Folk\del012.wav|16199168|16359482
11-0063|C:\Users\LENOVO_User\kabooks\Avel Folk\del012.wav|16368896|16644154
11-0064|C:\Users\LENOVO_User\kabooks\Avel Folk\del012.wav|16663808|16926778
11-0065|C:\Users\LENOVO_User\kabooks\Avel Folk\del012.wav|16948480|17165370
11-0066|C:\Users\LENOVO_User\kabooks\Avel Folk\del012.wav|17201920|17512762
11-0067|C:\Users\LENOVO_User\kabooks\Avel Folk\del012.wav|17540352|17742394
11-0068|C:\Users\LENOVO_User\kabooks\Avel Folk\del012.wav|17765888|17972794
11-0069|C:\Users\LENOVO_User\kabooks\Avel Folk\del012.wav|17998336|18105402
11-0070|C:\Users\LENOVO_User\kabooks\Avel Folk\del012.wav|18134784|18450234
11-0071|C:\Users\LENOVO_User\kabooks\Avel Folk\del012.wav|18472448|18693946
11-0072|C:\Users\LENOVO_User\kabooks\Avel Folk\del012.wav|18724864|18868538
11-0073|C:\Users\LENOVO_User\kabooks\Avel Folk\del012.wav|18888960|19217978
11-0074|C:\Users\LENOVO_User\kabooks\Avel Folk\del012.wav|19236096|19357498
11-0075|C:\Users\LENOVO_User\kabooks\Avel Folk\del012.wav|19369728|19661882
11-0076|C:\Users\LENOVO_User\kabooks\Avel Folk\del012.wav|19681792|19864890
11-0077|C:\Users\LENOVO_User\kabooks\Avel Folk\del012.wav|19895552|20021562
11-0078|C:\Users\LENOVO_User\kabooks\Avel Folk\del012.wav|20050944|20337722
11-0079|C:\Users\LENOVO_User\kabooks\Avel Folk\del012.wav|20361984|20637242
11-0080|C:\Users\LENOVO_User\kabooks\Avel Folk\del012.wav|20655616|20933690
11-0081|C:\Users\LENOVO_User\kabooks\Avel Folk\del012.wav|20953856|21153082
11-0082|C:\Users\LENOVO_User\kabooks\Avel Folk\del012.wav|21166336|21439546
11-0083|C:\Users\LENOVO_User\kabooks\Avel Folk\del012.wav|21464832|21626682
11-0084|C:\Users\LENOVO_User\kabooks\Avel Folk\del012.wav|21643520|21926970
11-0085|C:\Users\LENOVO_User\kabooks\Avel Folk\del012.wav|21950208|22075450
11-0086|C:\Users\LENOVO_User\kabooks\Avel Folk\del012.wav|22105600|22423354
11-0087|C:\Users\LENOVO_User\kabooks\Avel Folk\del012.wav|22446592|22702650
11-0088|C:\Users\LENOVO_User\kabooks\Avel Folk\del012.wav|22729728|22866746
11-0089|C:\Users\LENOVO_User\kabooks\Avel Folk\del012.wav|22876416|23114554
11-0090|C:\Users\LENOVO_User\kabooks\Avel Folk\del012.wav|23131648|23439674
11-0091|C:\Users\LENOVO_User\kabooks\Avel Folk\del012.wav|23463168|23781178
11-0092|C:\Users\LENOVO_User\kabooks\Avel Folk\del012.wav|23799552|23860026
11-0093|C:\Users\LENOVO_User\kabooks\Avel Folk\del012.wav|23885824|24197178
11-0094|C:\Users\LENOVO_User\kabooks\Avel Folk\del012.wav|24209408|24398906
11-0095|C:\Users\LENOVO_User\kabooks\Avel Folk\del012.wav|24404224|24721722
11-0096|C:\Users\LENOVO_User\kabooks\Avel Folk\del012.wav|24737792|24972090
11-0097|C:\Users\LENOVO_User\kabooks\Avel Folk\del012.wav|24991744|25281082
11-0098|C:\Users\LENOVO_User\kabooks\Avel Folk\del012.wav|25307648|25376570
11-0099|C:\Users\LENOVO_User\kabooks\Avel Folk\del012.wav|25387520|25703994
11-0100|C:\Users\LENOVO_User\kabooks\Avel Folk\del012.wav|25728000|25766714
11-0101|C:\Users\LENOVO_User\kabooks\Avel Folk\del012.wav|25785856|26087738
11-0102|C:\Users\LENOVO_User\kabooks\Avel Folk\del012.wav|26107392|26159162
11-0103|C:\Users\LENOVO_User\kabooks\Avel Folk\del012.wav|26169088|26465338
11-0104|C:\Users\LENOVO_User\kabooks\Avel Folk\del012.wav|26492928|26816058
11-0105|C:\Users\LENOVO_User\kabooks\Avel Folk\del012.wav|26835968|27093306
11-0106|C:\Users\LENOVO_User\kabooks\Avel Folk\del012.wav|27106816|27390778
11-0107|C:\Users\LENOVO_User\kabooks\Avel Folk\del012.wav|27411968|27706170
11-0108|C:\Users\LENOVO_User\kabooks\Avel Folk\del012.wav|27717632|27880762
11-0109|C:\Users\LENOVO_User\kabooks\Avel Folk\del012.wav|27910656|28075578
11-0110|C:\Users\LENOVO_User\kabooks\Avel Folk\del012.wav|28094464|28275770
11-0111|C:\Users\LENOVO_User\kabooks\Avel Folk\del012.wav|28303616|28508730
11-0112|C:\Users\LENOVO_User\kabooks\Avel Folk\del012.wav|28544000|28865850
11-0113|C:\Users\LENOVO_User\kabooks\Avel Folk\del012.wav|28899072|29011770
11-0114|C:\Users\LENOVO_User\kabooks\Avel Folk\del012.wav|29031680|29252154
11-0115|C:\Users\LENOVO_User\kabooks\Avel Folk\del012.wav|29281792|29552954
11-0116|C:\Users\LENOVO_User\kabooks\Avel Folk\del012.wav|29571584|29828922
11-0117|C:\Users\LENOVO_User\kabooks\Avel Folk\del012.wav|29843456|30115130
11-0118|C:\Users\LENOVO_User\kabooks\Avel Folk\del012.wav|30133248|30344250
11-0119|C:\Users\LENOVO_User\kabooks\Avel Folk\del012.wav|30376704|30552890
11-0120|C:\Users\LENOVO_User\kabooks\Avel Folk\del012.wav|30579456|30900794
11-0121|C:\Users\LENOVO_User\kabooks\Avel Folk\del012.wav|30929408|31112250
11-0122|C:\Users\LENOVO_User\kabooks\Avel Folk\del012.wav|31140352|31392058
11-0123|C:\Users\LENOVO_User\kabooks\Avel Folk\del012.wav|31408896|31726906
11-0124|C:\Users\LENOVO_User\kabooks\Avel Folk\del012.wav|31763456|32020026
11-0125|C:\Users\LENOVO_User\kabooks\Avel Folk\del012.wav|32036352|32352058
11-0126|C:\Users\LENOVO_User\kabooks\Avel Folk\del012.wav|32378880|32695610
11-0127|C:\Users\LENOVO_User\kabooks\Avel Folk\del012.wav|32708352|32938298
11-0128|C:\Users\LENOVO_User\kabooks\Avel Folk\del012.wav|32962304|33085242
11-0129|C:\Users\LENOVO_User\kabooks\Avel Folk\del012.wav|33105920|33403194
11-0130|C:\Users\LENOVO_User\kabooks\Avel Folk\del012.wav|33417216|33508666
11-0131|C:\Users\LENOVO_User\kabooks\Avel Folk\del012.wav|33543424|33809210
11-0132|C:\Users\LENOVO_User\kabooks\Avel Folk\del012.wav|33836800|34164282
11-0133|C:\Users\LENOVO_User\kabooks\Avel Folk\del012.wav|34179840|34503994
11-0134|C:\Users\LENOVO_User\kabooks\Avel Folk\del012.wav|34526976|34748474
11-0135|C:\Users\LENOVO_User\kabooks\Avel Folk\del012.wav|34765312|34902842
11-0136|C:\Users\LENOVO_User\kabooks\Avel Folk\del012.wav|34932224|35100730
11-0137|C:\Users\LENOVO_User\kabooks\Avel Folk\del012.wav|35127808|35376442
11-0138|C:\Users\LENOVO_User\kabooks\Avel Folk\del012.wav|35400192|35670586
11-0139|C:\Users\LENOVO_User\kabooks\Avel Folk\del012.wav|35697664|36022586
11-0140|C:\Users\LENOVO_User\kabooks\Avel Folk\del012.wav|36041472|36351546
11-0141|C:\Users\LENOVO_User\kabooks\Avel Folk\del012.wav|36377088|36651322
11-0142|C:\Users\LENOVO_User\kabooks\Avel Folk\del012.wav|36680960|36721722
11-0143|C:\Users\LENOVO_User\kabooks\Avel Folk\del012.wav|36742400|37059898
11-0144|C:\Users\LENOVO_User\kabooks\Avel Folk\del012.wav|37074688|37308730
11-0145|C:\Users\LENOVO_User\kabooks\Avel Folk\del012.wav|37338112|37559098
11-0146|C:\Users\LENOVO_User\kabooks\Avel Folk\del012.wav|37575168|37896762
11-0147|C:\Users\LENOVO_User\kabooks\Avel Folk\del012.wav|37923584|38197562
11-0148|C:\Users\LENOVO_User\kabooks\Avel Folk\del012.wav|38220032|38505018
11-0149|C:\Users\LENOVO_User\kabooks\Avel Folk\del012.wav|38528768|38763322
11-0150|C:\Users\LENOVO_User\kabooks\Avel Folk\del012.wav|38785280|39105338
11-0151|C:\Users\LENOVO_User\kabooks\Avel Folk\del012.wav|39110912|39415098
11-0152|C:\Users\LENOVO_User\kabooks\Avel Folk\del012.wav|39446272|39645498
11-0153|C:\Users\LENOVO_User\kabooks\Avel Folk\del012.wav|39665152|39921210
11-0154|C:\Users\LENOVO_User\kabooks\Avel Folk\del012.wav|39946496|40218938
11-0155|C:\Users\LENOVO_User\kabooks\Avel Folk\del012.wav|40241920|40472122
11-0156|C:\Users\LENOVO_User\kabooks\Avel Folk\del012.wav|40487168|40625466
11-0157|C:\Users\LENOVO_User\kabooks\Avel Folk\del012.wav|40648192|40885562
11-0158|C:\Users\LENOVO_User\kabooks\Avel Folk\del012.wav|40909056|41157690
11-0159|C:\Users\LENOVO_User\kabooks\Avel Folk\del012.wav|41182976|41505594
11-0160|C:\Users\LENOVO_User\kabooks\Avel Folk\del012.wav|41525760|41726010
11-0161|C:\Users\LENOVO_User\kabooks\Avel Folk\del012.wav|41750784|41890362
11-0162|C:\Users\LENOVO_User\kabooks\Avel Folk\del012.wav|41914112|42136634
11-0163|C:\Users\LENOVO_User\kabooks\Avel Folk\del012.wav|42163200|42335802
11-0164|C:\Users\LENOVO_User\kabooks\Avel Folk\del012.wav|42372608|42501946
11-0165|C:\Users\LENOVO_User\kabooks\Avel Folk\del012.wav|42520320|42800186
11-0166|C:\Users\LENOVO_User\kabooks\Avel Folk\del012.wav|42817024|42892602
12-0001|C:\Users\LENOVO_User\kabooks\Avel Folk\del013.wav|9984|80442
12-0002|C:\Users\LENOVO_User\kabooks\Avel Folk\del013.wav|134400|410682
12-0003|C:\Users\LENOVO_User\kabooks\Avel Folk\del013.wav|423424|621114
12-0004|C:\Users\LENOVO_User\kabooks\Avel Folk\del013.wav|648192|761146
12-0005|C:\Users\LENOVO_User\kabooks\Avel Folk\del013.wav|782336|999226
12-0006|C:\Users\LENOVO_User\kabooks\Avel Folk\del013.wav|1015040|1340986
12-0007|C:\Users\LENOVO_User\kabooks\Avel Folk\del013.wav|1378048|1604922
12-0008|C:\Users\LENOVO_User\kabooks\Avel Folk\del013.wav|1653248|1860922
12-0009|C:\Users\LENOVO_User\kabooks\Avel Folk\del013.wav|1875712|2129978
12-0010|C:\Users\LENOVO_User\kabooks\Avel Folk\del013.wav|2160128|2410554
12-0011|C:\Users\LENOVO_User\kabooks\Avel Folk\del013.wav|2431232|2604090
12-0012|C:\Users\LENOVO_User\kabooks\Avel Folk\del013.wav|2634496|2866490
12-0013|C:\Users\LENOVO_User\kabooks\Avel Folk\del013.wav|2898432|2974010
12-0014|C:\Users\LENOVO_User\kabooks\Avel Folk\del013.wav|2992896|3326778
12-0015|C:\Users\LENOVO_User\kabooks\Avel Folk\del013.wav|3352320|3649338
12-0016|C:\Users\LENOVO_User\kabooks\Avel Folk\del013.wav|3672832|3853114
12-0017|C:\Users\LENOVO_User\kabooks\Avel Folk\del013.wav|3876608|4033338
12-0018|C:\Users\LENOVO_User\kabooks\Avel Folk\del013.wav|4072192|4351290
12-0019|C:\Users\LENOVO_User\kabooks\Avel Folk\del013.wav|4365056|4573242
12-0020|C:\Users\LENOVO_User\kabooks\Avel Folk\del013.wav|4594176|4715578
12-0021|C:\Users\LENOVO_User\kabooks\Avel Folk\del013.wav|4733952|5007674
12-0022|C:\Users\LENOVO_User\kabooks\Avel Folk\del013.wav|5026560|5332794
12-0023|C:\Users\LENOVO_User\kabooks\Avel Folk\del013.wav|5351936|5542970
12-0024|C:\Users\LENOVO_User\kabooks\Avel Folk\del013.wav|5568768|5818682
12-0025|C:\Users\LENOVO_User\kabooks\Avel Folk\del013.wav|5846784|6083642
12-0026|C:\Users\LENOVO_User\kabooks\Avel Folk\del013.wav|6110208|6346042
12-0027|C:\Users\LENOVO_User\kabooks\Avel Folk\del013.wav|6374144|6683962
12-0028|C:\Users\LENOVO_User\kabooks\Avel Folk\del013.wav|6706432|6894906
12-0029|C:\Users\LENOVO_User\kabooks\Avel Folk\del013.wav|6926592|7113786
12-0030|C:\Users\LENOVO_User\kabooks\Avel Folk\del013.wav|7133184|7433274
12-0031|C:\Users\LENOVO_User\kabooks\Avel Folk\del013.wav|7465472|7699770
12-0032|C:\Users\LENOVO_User\kabooks\Avel Folk\del013.wav|7731200|8005690
12-0033|C:\Users\LENOVO_User\kabooks\Avel Folk\del013.wav|8020480|8218170
12-0034|C:\Users\LENOVO_User\kabooks\Avel Folk\del013.wav|8241152|8568378
12-0035|C:\Users\LENOVO_User\kabooks\Avel Folk\del013.wav|8596224|8903738
12-0036|C:\Users\LENOVO_User\kabooks\Avel Folk\del013.wav|8934656|9235258
12-0037|C:\Users\LENOVO_User\kabooks\Avel Folk\del013.wav|9267456|9570106
12-0038|C:\Users\LENOVO_User\kabooks\Avel Folk\del013.wav|9613824|9868602
12-0039|C:\Users\LENOVO_User\kabooks\Avel Folk\del013.wav|9883904|10212410
12-0040|C:\Users\LENOVO_User\kabooks\Avel Folk\del013.wav|10225152|10491450
12-0041|C:\Users\LENOVO_User\kabooks\Avel Folk\del013.wav|10508800|10823738
12-0042|C:\Users\LENOVO_User\kabooks\Avel Folk\del013.wav|10858752|11061562
12-0043|C:\Users\LENOVO_User\kabooks\Avel Folk\del013.wav|11084288|11248954
12-0044|C:\Users\LENOVO_User\kabooks\Avel Folk\del013.wav|11261184|11431994
12-0045|C:\Users\LENOVO_User\kabooks\Avel Folk\del013.wav|11457024|11677498
12-0046|C:\Users\LENOVO_User\kabooks\Avel Folk\del013.wav|11706880|11964986
12-0047|C:\Users\LENOVO_User\kabooks\Avel Folk\del013.wav|11994880|12243002
12-0048|C:\Users\LENOVO_User\kabooks\Avel Folk\del013.wav|12273152|12581946
12-0049|C:\Users\LENOVO_User\kabooks\Avel Folk\del013.wav|12615936|12861754
12-0050|C:\Users\LENOVO_User\kabooks\Avel Folk\del013.wav|12874496|13192250
12-0051|C:\Users\LENOVO_User\kabooks\Avel Folk\del013.wav|13214208|13343546
12-0052|C:\Users\LENOVO_User\kabooks\Avel Folk\del013.wav|13363968|13606458
12-0053|C:\Users\LENOVO_User\kabooks\Avel Folk\del013.wav|13635072|13826874
12-0054|C:\Users\LENOVO_User\kabooks\Avel Folk\del013.wav|13845504|14124090
12-0055|C:\Users\LENOVO_User\kabooks\Avel Folk\del013.wav|14139136|14451258
12-0056|C:\Users\LENOVO_User\kabooks\Avel Folk\del013.wav|14479872|14741050
12-0057|C:\Users\LENOVO_User\kabooks\Avel Folk\del013.wav|14762240|15092538
12-0058|C:\Users\LENOVO_User\kabooks\Avel Folk\del013.wav|15101696|15185978
12-0059|C:\Users\LENOVO_User\kabooks\Avel Folk\del013.wav|15217664|15547706
12-0060|C:\Users\LENOVO_User\kabooks\Avel Folk\del013.wav|15571200|15699770
12-0061|C:\Users\LENOVO_User\kabooks\Avel Folk\del013.wav|15723264|15927866
12-0062|C:\Users\LENOVO_User\kabooks\Avel Folk\del013.wav|15944192|16277562
12-0063|C:\Users\LENOVO_User\kabooks\Avel Folk\del013.wav|16308224|16638010
12-0064|C:\Users\LENOVO_User\kabooks\Avel Folk\del013.wav|16671232|16852538
12-0065|C:\Users\LENOVO_User\kabooks\Avel Folk\del013.wav|16877056|17064506
12-0066|C:\Users\LENOVO_User\kabooks\Avel Folk\del013.wav|17099520|17429562
12-0067|C:\Users\LENOVO_User\kabooks\Avel Folk\del013.wav|17457920|17725242
12-0068|C:\Users\LENOVO_User\kabooks\Avel Folk\del013.wav|17754880|18019642
12-0069|C:\Users\LENOVO_User\kabooks\Avel Folk\del013.wav|18040832|18267706
12-0070|C:\Users\LENOVO_User\kabooks\Avel Folk\del013.wav|18281728|18597690
12-0071|C:\Users\LENOVO_User\kabooks\Avel Folk\del013.wav|18609920|18879034
12-0072|C:\Users\LENOVO_User\kabooks\Avel Folk\del013.wav|18892544|19009082
12-0073|C:\Users\LENOVO_User\kabooks\Avel Folk\del013.wav|19032576|19239226
12-0074|C:\Users\LENOVO_User\kabooks\Avel Folk\del013.wav|19259904|19579706
12-0075|C:\Users\LENOVO_User\kabooks\Avel Folk\del013.wav|19599104|19743802
12-0076|C:\Users\LENOVO_User\kabooks\Avel Folk\del013.wav|19778560|20095802
12-0077|C:\Users\LENOVO_User\kabooks\Avel Folk\del013.wav|20107776|20317242
12-0078|C:\Users\LENOVO_User\kabooks\Avel Folk\del013.wav|20334080|20610362
12-0079|C:\Users\LENOVO_User\kabooks\Avel Folk\del013.wav|20639232|20915258
12-0080|C:\Users\LENOVO_User\kabooks\Avel Folk\del013.wav|20929280|21225786
12-0081|C:\Users\LENOVO_User\kabooks\Avel Folk\del013.wav|21272320|21446970
12-0082|C:\Users\LENOVO_User\kabooks\Avel Folk\del013.wav|21473536|21665338
12-0083|C:\Users\LENOVO_User\kabooks\Avel Folk\del013.wav|21682176|21878074
12-0084|C:\Users\LENOVO_User\kabooks\Avel Folk\del013.wav|21907712|22054578
